/staff/sushil/classes/ml/code/book/nn/faces/kk49/kk49_straight_sad_open_4.pgm
/staff/sushil/classes/ml/code/book/nn/faces/karyadi/karyadi_straight_sad_sunglasses_4.pgm
/staff/sushil/classes/ml/code/book/nn/faces/phoebe/phoebe_straight_happy_sunglasses_4.pgm
/staff/sushil/classes/ml/code/book/nn/faces/phoebe/phoebe_straight_sad_open_4.pgm
/staff/sushil/classes/ml/code/book/nn/faces/at33/at33_straight_happy_open_4.pgm
/staff/sushil/classes/ml/code/book/nn/faces/megak/megak_straight_sad_open_4.pgm
/staff/sushil/classes/ml/code/book/nn/faces/boland/boland_straight_sad_open_4.pgm
/staff/sushil/classes/ml/code/book/nn/faces/an2i/an2i_straight_sad_sunglasses_4.pgm
/staff/sushil/classes/ml/code/book/nn/faces/steffi/steffi_straight_neutral_sunglasses_4.pgm
/staff/sushil/classes/ml/code/book/nn/faces/sz24/sz24_straight_happy_sunglasses_4.pgm
/staff/sushil/classes/ml/code/book/nn/faces/sz24/sz24_straight_angry_sunglasses_4.pgm
/staff/sushil/classes/ml/code/book/nn/faces/tammo/tammo_straight_happy_sunglasses_4.pgm
/staff/sushil/classes/ml/code/book/nn/faces/tammo/tammo_straight_happy_open_4.pgm
/staff/sushil/classes/ml/code/book/nn/faces/saavik/saavik_straight_sad_open_4.pgm
/staff/sushil/classes/ml/code/book/nn/faces/glickman/glickman_straight_neutral_open_4.pgm
/staff/sushil/classes/ml/code/book/nn/faces/saavik/saavik_straight_angry_sunglasses_4.pgm
/staff/sushil/classes/ml/code/book/nn/faces/mitchell/mitchell_straight_sad_sunglasses_4.pgm
/staff/sushil/classes/ml/code/book/nn/faces/cheyer/cheyer_straight_angry_open_4.pgm
/staff/sushil/classes/ml/code/book/nn/faces/megak/megak_straight_happy_open_4.pgm
/staff/sushil/classes/ml/code/book/nn/faces/ch4f/ch4f_straight_sad_sunglasses_4.pgm
/staff/sushil/classes/ml/code/book/nn/faces/steffi/steffi_straight_sad_open_4.pgm
/staff/sushil/classes/ml/code/book/nn/faces/kawamura/kawamura_straight_angry_sunglasses_4.pgm
/staff/sushil/classes/ml/code/book/nn/faces/an2i/an2i_straight_angry_sunglasses_4.pgm
/staff/sushil/classes/ml/code/book/nn/faces/ch4f/ch4f_straight_neutral_open_4.pgm
/staff/sushil/classes/ml/code/book/nn/faces/at33/at33_straight_neutral_sunglasses_4.pgm
/staff/sushil/classes/ml/code/book/nn/faces/mitchell/mitchell_straight_happy_sunglasses_4.pgm
/staff/sushil/classes/ml/code/book/nn/faces/tammo/tammo_straight_neutral_sunglasses_4.pgm
/staff/sushil/classes/ml/code/book/nn/faces/choon/choon_straight_neutral_open_4.pgm
/staff/sushil/classes/ml/code/book/nn/faces/kawamura/kawamura_straight_neutral_sunglasses_4.pgm
/staff/sushil/classes/ml/code/book/nn/faces/karyadi/karyadi_straight_sad_open_4.pgm
/staff/sushil/classes/ml/code/book/nn/faces/kk49/kk49_straight_happy_sunglasses_4.pgm
/staff/sushil/classes/ml/code/book/nn/faces/kawamura/kawamura_straight_sad_open_4.pgm
/staff/sushil/classes/ml/code/book/nn/faces/bpm/bpm_straight_happy_open_4.pgm
/staff/sushil/classes/ml/code/book/nn/faces/ch4f/ch4f_straight_happy_open_4.pgm
